Opening date,Title,Studio,Cast and crew,Genre,Country,Screen_name
Jan-04,Escape Room,Columbia Pictures,"Adam Robitel (director); Bragi F. Schut, Maria Melnik (screenplay); Logan Miller, Deborah Ann Woll, Taylor Russell, Tyler Labine, Jay Ellis, Nik Dodani","Drama, Horror, Thriller, Mystery",US,Escape_Room
Jan-11,A Dog's Way Home,Columbia Pictures,"Charles Martin Smith (director); W. Bruce Cameron (screenplay); Bryce Dallas Howard, Edward James Olmos, Alexandra Shipp, Ashley Judd, Jonah Haur-King, Wes Studi","Drama, Family",US,ADogsWayHome
Jan-11,The Upside,STX Entertainment / Lantern Entertainment,"Neil Burger (director); Jon Hartmere (screenplay); Bryan Cranston, Kevin Hart, Nicole Kidman","Comedy, Drama",US,TheUpsideFilm
Jan-11,Replicas,Entertainment Studios,Jeffrey Nachmanoff (director); Chad St. John (screenplay); Keanu Reeves,"Sci-Fi, Thriller",US,replicas_movie
Jan-18,Glass,Universal Pictures / Buena Vista International / Blumhouse Productions,"M. Night Shyamalan (director/screenplay); James McAvoy, Bruce Willis, Samuel L. Jackson, Sarah Paulson, Anya Taylor-Joy, Spencer Treat Clark, Charlayne Woodard","Superhero, Horror, Thriller",US,GlassMovie
Jan-25,The Kid Who Would Be King,20th Century Fox / Working Title Films,"Joe Cornish (director/screenplay); Louis Ashbourne Serkis, Dean Chaumoo, Tom Taylor, Rhianna Doris, Angus Imrie, Rebecca Ferguson, Patrick Stewart","Fantasy, Adventure, Family","UK, US",KidWouldBeKing
Jan-25,Serenity,Aviron Pictures / Global Road Entertainment,"Steven Knight (director/screenplay); Matthew McConaughey, Anne Hathaway, Jason Clarke, Diane Lane, Djimon Hounsou","Drama, Thriller",US,SerenityFilm
Feb-01,Miss Bala,Columbia Pictures,"Catherine Hardwicke (director); Gareth Dunnet-Alcocer (screenplay); Gina Rodriguez, Anthony Mackie, Matt Lauria","Crime, Drama",US,MissBala
Feb-01,Velvet Buzzsaw,Netflix,"Dan Gilroy (director/screenplay); Jake Gyllenhaal, Rene Russo, Toni Collette, Zawe Ashton, Tom Sturridge, Natalia Dyer, Daveed Diggs, Billy Magnussen, John Malkovich","Horror, Thriller",US,
Feb-08,The Lego Movie 2: The Second Part,Warner Bros. / Warner Animation Group,"Mike Mitchell (director); Phil Lord, Christopher Miller (screenplay); Chris Pratt, Elizabeth Banks, Tiffany Haddish, Will Arnett, Stephanie Beatriz, Charlie Day, Alison Brie, Nick Offerman, Maya Rudolph, Will Ferrell","Animation, Adventure, Comedy",US,TheLEGOMovie
Feb-08,What Men Want,Paramount Players / Will Packer Productions,"Adam Shankman (director); Tina Gordon Chism (screenplay); Taraji P. Henson, Tracy Morgan, Max Greenfield, Aldis Hodge, Wendi McLendon-Covey",Comedy,US,whatmenwant
Feb-08,Cold Pursuit,Summit Entertainment / StudioCanal,"Hans Petter Moland (director); Frank Baldwin (screenplay); Liam Neeson, Laura Dern, Emmy Rossum, Tom Bateman","Action, Thriller",US,ColdPursuit
Feb-08,The Prodigy,Orion Pictures / XYZ Films,"Nicholas McCarthy (director); Jeff Buhler (screenplay); Taylor Schilling, Peter Mooney, Colm Feore","Horror, Thriller",US,the_prodigy
Feb-13,Isn't It Romantic,Warner Bros. / New Line Cinema / Netflix,"Todd Strauss-Schulson (director); Erin Cardillo, Dana Fox, Katie Silberman (screenplay); Rebel Wilson, Liam Hemsworth, Adam DeVine, Priyanka Chopra, Betty Gilpin, Brandon Scott Jones","Romance, Comedy, Fantasy",US,isntitromantic
Feb-13,Happy Death Day 2U,Universal Pictures / Blumhouse Productions,"Chirstopher Landon (director/screenplay); Jessica Rothe, Israel Broussard, Phi Vu, Suraj Sharma, Sarah Yarkin, Ruby Modine","Horror, Comedy",US,UniversalHorror
Feb-14,Alita: Battle Angel,20th Century Fox / Lightstorm Entertainment,"Robert Rodriguez (director); James Cameron, Laeta Kalogridis (screenplay); Rosa Salazar, Christoph Waltz, Jennifer Connelly, Mahershala Ali, Ed Skrein, Jackie Earle Haley, Keean Johnson","Sci-Fi, Action, Adventure, Romance",US,AlitaMovie
Feb-22,How to Train Your Dragon: The Hidden World,Universal Pictures / DreamWorks Animation,"Dean DeBlois (director/screenplay); Jay Baruchel, America Ferrera, F. Murray Abraham, Cate Blanchett, Craig Ferguson, Jonah Hill, Christopher Mintz-Plasse, Kristen Wiig, Justin Rupple, Kit Harington, Gerard Butler","Animation, Fantasy, Action, Adventure",US,HTTYDseries
Feb-22,Fighting with My Family,Metro-Goldwyn-Mayer,"Stephen Merchant (director/screenplay); Florence Pugh, Lena Headey, Nick Frost, Jack Lowden, Vince Vaughn, Dwayne Johnson","Comedy, Drama",US,FightingWMyFam
Mar-01,Tyler Perry's A Madea Family Funeral,Lionsgate,"Tyler Perry (director); Jason Rogers (screenplay); Tyler Perry, Courtney Burrell, Patrice Lovely",Comedy,US,MadeaFamFuneral
Mar-01,Greta,Focus Features,"Neil Jordan (director/screenplay); Ray Wright (screenplay); Isabelle Huppert, Chlo? Grace Moretz, Maika Monroe, Colm Feore, Stephen Rea","Horror, Drama, Thriller","IE, US",gretafilm
Mar-06,Triple Frontier,Netflix,"J. C. Chandor (director/screenplay); Mark Boal (screenplay); Ben Affleck, Oscar Isaac, Charlie Hunnam, Garrett Hedlund, Pedro Pascal","Action, Crime, Thriller",US,triplefrontier
Mar-08,Captain Marvel,Marvel Studios,"Anna Boden, Ryan Fleck (directors/screenplay); Geneva Robertson-Dworet (screenplay); Brie Larson, Samuel L. Jackson, Ben Mendelsohn, Djimon Hounsou, Lee Pace, Lashana Lynch, Gemma Chan, Annette Bening, Clark Gregg, Jude Law","Superhero, Action, Adventure, Sci-Fi",US,captainmarvel
Mar-08,The Kid,Lionsgate Films,"Vincent D'Onofrio (director); Andrew Lanham (screenplay); Ethan Hawke, Dane DeHaan, Jake Schur, Leila George, Adam Baldwin, Chris Pratt","Western, Action, Thriller, Drama",US,
Mar-15,Wonder Park,Paramount Pictures / Paramount Animation / Nickelodeon Movies,"Josh Appelbaum, Andre Nemec (screenplay); Brianna Denski, Ken Hudson Campbell, Matthew Broderick, Jennifer Garner, Kenan Thompson, Ken Jeong, Richard Kind, Mila Kunis, David Cross, John Oliver","Animation, Adventure, Fantasy, Family",US,wonderparkmovie
Mar-15,Captive State,Focus Features / Participant Media,"Rupert Wyatt (director/screenplay); Erica Beeney (screenplay); John Goodman, Ashton Sanders, Jonathan Majors, Machine Gun Kelly, Vera Farmiga","Sci-Fi, Thriller, Action",US,captive_state
Mar-15,Nancy Drew and the Hidden Staircase,Warner Bros. Pictures / A Very Good Production,"Katt Shea (director); Nina Fiore, John Herrera (screenplay); Sophia Lillis, Zoe Renee, Mackenzie Graham, Laura Slade Wiggins, Sam Trammell, Linda Lavin","Mystery, Comedy, Drama",US,NancyDrewFans
Mar-15,The Aftermath,Fox Searchlight Pictures,"James Kent (director); Joe Shrapnel, Anna Waterhouse (screenplay); Alexander Skarsg?rd, Keira Knightley, Jason Clarke, Alexander Scheer",Drama,US,AftermathMovie
Mar-15,Five Feet Apart,Lionsgate / CBS Films,"Justin Baldoni (director); Mikki Daughtry, Tobias Iaconis (screenplay); Cole Sprouse, Haley Lu Richardson","Romance, Drama",US,FiveFeetApart
Mar-15,The Highwaymen,Netflix,"John Lee Hancock (director); John Fusco (screenplay); Kevin Costner, Woody Harrelson, Kathy Bates, John Carroll Lynch, Kim Dickens, Thomas Mann, William Sadler",Crime,US,
Mar-22,Us,Universal Pictures / Blumhouse Productions,"Jordan Peele (director/screenplay); Lupita Nyong'o, Winston Duke, Elisabeth Moss, Tim Heidecker, Evan Alex, Shahadi Wright Joseph, Yahya Abdul-Mateen II, Anna Diop","Horror, Thriller",US,UsMovie
Mar-22,The Dirt,Netflix,"Jeff Tremaine (director): Tom Kapinos, Amanda Adelson, Rich Wilkes (screenplay); Douglas Booth, Iwan Rheon, Machine Gun Kelly, Daniel Webber","Biopic, Drama",US,
Mar-29,Dumbo,Walt Disney Pictures,"Tim Burton (director); Ehren Kruger (screenplay); Colin Farrell, Michael Keaton, Danny DeVito, Eva Green, Nico Parker, Finley Hobbins, Alan Arkin","Fantasy, Family, Adventure, Drama",US,Dumbo
Mar-29,The Beach Bum,Neon,"Harmony Korine (director/screenplay); Matthew McConaughey, Zac Efron, Jonah Hill, Isla Fisher, Jimmy Buffett, Snoop Dogg, Martin Lawrence",Comedy,US,beachbummovie
Mar-29,Unplanned,Pure Flix,"Chuck Konzelman, Cary Soloman (director/screenplay); Ashley Bratcher, Brooks Ryan, Robia Scott","Drama, Faith",US,UnplannedMovie
Apr-05,Shazam!,Warner Bros. / New Line Cinema / DC Entertainment,"David F. Sandberg (director); Henry Gayden (screenplay); Zachary Levi, Asher Angel, Mark Strong, Jack Dylan Grazer, Djimon Hounsou","Superhero, Action, Adventure, Comedy",US,ShazamMovie
Apr-05,Pet Sematary,Paramount Pictures,"Kevin Kolsch, Dennis Widmyer (directors); Jeff Buhler (screenplay); Jason Clarke, Amy Seimetz, John Lithgow",Horror,US,petsematarymov
Apr-05,The Best of Enemies,STX Entertainment,"Robin Bissell (director/screenplay); Taraji P. Henson, Sam Rockwell",Drama,US,BestEnemiesFilm
Apr-12,Hellboy,Summit Entertainment / Millennium Films,"Neil Marshall (director); Andrew Cosby (screenplay); David Harbour, Milla Jovovich, Ian McShane, Sasha Lane, Penelope Mitchell, Daniel Dae Kim, Thomas Haden Church","Superhero, Horror, Fantasy",US,HellboyMovie
Apr-12,Missing Link,Annapurna Pictures / Laika,"Chris Butler (director/screenplay); Hugh Jackman, Zach Galifianakis, Zoe Saldana, Emma Thompson, Stephen Fry, David Walliams, Timothy Olyphant, Matt Lucas, Amrita Acharia","Animation, Adventure, Comedy",US,
Apr-12,Little,Universal Pictures / Will Packer Productions,"Tina Gordon (director); Camilla Blackett (screenplay); Issa Rae, Regina Hall, Marsai Martin","Comedy, Fantasy",US,littlethemovie
Apr-17,Breakthrough,20th Century Fox,"Roxann Dawson (director); Grant Nieporte (screenplay); Chrissy Metz, Josh Lucas, Topher Grace, Mike Colter, Marcel Ruiz, Sam Trammell, Dennis Haysbert","Faith, Drama",US,SeeBreakthrough
Apr-17,Penguins,Disneynature,"Alastair Fothergill (director), Jeff Wilson (co-director); Ed Helms",Documentary,US,
Apr-19,The Curse of La Llorona,Warner Bros. / New Line Cinema,"Michael Chaves (director); Mikki Daughtry, Tobias Iaconis (screenplay); Linda Cardellini, Raymond Cruz, Patricia Velasquez, Jaynee-Lynne Kinchen, Roman Christou, Marisol Ramirez, Sean Patrick Thomas","Horror, Thriller",US,lalloronamovie
Apr-19,Under the Silver Lake,A24,"David Robert Mitchell (director/screenplay); Andrew Garfield, Riley Keough, Topher Grace","Mystery, Thriller, Drama",US,silverlakemov
Apr-19,After,Aviron Pictures,"Jenny Gage (director); Susan McMartin (screenplay); Josephine Langford, Hero Fiennes Tiffin, Selma Blair, Pia Mia, Peter Gallagher",Drama,US,aftermovie
Apr-26,Avengers: Endgame,Marvel Studios,"Anthony Russo and Joe Russo (directors); Christopher Markus and Stephen McFeely (screenplay); Robert Downey Jr., Chris Evans, Mark Ruffalo, Chris Hemsworth, Scarlett Johansson, Jeremy Renner, Don Cheadle, Paul Rudd, Brie Larson, Karen Gillan, Danai Gurira, Benedict Wong, Jon Favreau, Bradley Cooper, Gwyneth Paltrow, Josh Brolin","Superhero, Epic, Action, Adventure",US,Avengers
May-03,The Intruder,Screen Gems,"Deon Taylor (director); David Loughery (screenplay); Dennis Quaid, Michael Ealy, Meagan Good, Joseph Sikora",Thriller,US,IntruderMovie
May-03,Long Shot,Summit Entertainment / Good Universe / Point Grey Pictures,"Jonathan Levine (director); Dan Sterling (screenplay); Seth Rogen, Charlize Theron, O'Shea Jackson Jr., Andy Serkis, June Diane Raphael, Bob Odenkirk, Alexander Skarsg?rd",Comedy,US,LongShotMovie
May-03,UglyDolls,STX Entertainment / OddLot Entertainment,"Kelly Asbury (director); Alison Peck (screenplay); Kelly Clarkson, Pitbull, Nick Jonas, Wanda Sykes, Gabriel Iglesias, Blake Shelton, Janelle Mon?e, Emma Roberts, Wang Leehom, Bebe Rexha, Charli XCX, Lizzo","Animation, Comedy",US,uglydolls
May-03,"Extremely Wicked, Shockingly Evil, and Vile",Netflix / Sky Cinema,"Joe Berlinger (director); Michael Werwie (screenplay); Zac Efron, Lily Collins, Kaya Scodelario, Jeffrey Donovan, Angela Sarafyan, Dylan Baker, Brian Geraghty, Jim Parsons, John Malkovich","Biography, Crime, Thriller, Drama",US,
May-10,Pok?mon: Detective Pikachu,Warner Bros. / Legendary Entertainment / The Pok?mon Company,"Rob Letterman (director/screenplay); Benji Samit, Dan Hernandez (screenplay); Ryan Reynolds, Justice Smith, Kathryn Newton, Suki Waterhouse, Omar Chaparro, Chris Geere, Ken Watanabe, Bill Nighy","Sci-Fi, Fantasy, Action, Mystery, Comedy",US,DetPikachuMovie
May-10,The Hustle,Metro-Goldwyn-Mayer,"Chris Addison (director); Jac Schaeffer (screenplay); Anne Hathaway, Rebel Wilson, Alex Sharp",Comedy,US,hustlemovie
May-10,Tolkien,Fox Searchlight Pictures,"Dome Karukoski (director); David Gleeson, Stephen Beresford (screenplay); Nicholas Hoult, Lily Collins, Colm Meaney, Derek Jacobi","Biography, Drama",UK,TolkienMovie
May-10,Poms,STX Entertainment / Sierra/Affinity,"Zara Hayes (director/screenplay); Shane Atkinson (screenplay); Diane Keaton, Jacki Weaver, Pam Grier, Rhea Perlman, Celia Weston, Phyllis Somerville",Comedy,US,PomsMovie
May-10,The Professor and the Madman,Vertical Entertainment,"P.B. Shemran (director/screenplay); Todd Komarnicki (screenplay); Mel Gibson, Sean Penn, Natalie Dormer, Eddie Marsan, Jennifer Ehle, David O'Hara, Ioan Gruffudd, Stephen Dillane, Steve Coogan",Drama,US,
May-17,John Wick: Chapter 3 ¡V Parabellum,Summit Entertainment,"Chad Stahelski (director); Derek Kolstad (screenplay); Keanu Reeves, Halle Berry, Laurence Fishburne, Mark Dacascos, Asia Kate Dillon, Lance Reddick, Anjelica Huston, Ian McShane","Action, Thriller",US,JohnWickMovie
May-17,A Dog's Journey,Universal Pictures / Amblin Entertainment / Walden Media,"Gail Mancuso (director); W. Bruce Cameron, Cathryn Michon, Wally Wolodarsky, Maya Forbes (screenplay); Dennis Quaid, Josh Gad, Marg Helgenberger, Betty Gilpin, Kathryn Prescott, Henry Lau","Fantasy, Drama",US,a_dogs_journey
May-17,The Sun Is Also a Star,Warner Bros. / Metro-Goldwyn-Mayer,"Ry Russo-Young (director); Tracy Oliver (screenplay); Yara Shahidi, Charles Melton, John Leguizamo","Drama, Romance",US,sunisalsoastar
May-17,The Tomorrow Man,Bleecker Street,"Noble Jones (director/screenplay); John Lithgow, Blythe Danner, Derek Cecil, Katie Aselton, Sophie Thatcher, Eve Harlow",Drama,US,TomorrowManFilm
May-24,Aladdin,Walt Disney Studios Motion Pictures,"Guy Ritchie (director/screenplay); John August, Vanessa Taylor (screenplay); Will Smith, Mena Massoud, Naomi Scott, Marwan Kenzari, Navid Negahban, Nasim Pedrad, Billy Magnussen, Frank Welker, Alan Tudyk","Musical, Fantasy, Romance, Adventure",US,disneyaladdin
May-24,Ad Astra,20th Century Fox,"James Gray (director/screenplay); Ethan Gross (screenplay); Brad Pitt, Ruth Negga, Jamie Kennedy, Donald Sutherland, Tommy Lee Jones","Sci-Fi, Drama, Thriller",US,
May-24,Brightburn,Screen Gems / Stage 6 Films / Sony Pictures Releasing,"David Yarovesky (director); Brian Gunn, Mark Gunn (screenplay); Elizabeth Banks, David Denman, Jackson A. Dunn, Matt Jones, Meredith Hagner","Horror, Superhero, Sci-Fi",US,Brightburn
May-24,Booksmart,Annapurna Pictures / Gloria Sanchez Productions,"Olivia Wilde (director); Emily Halpern, Sarah Haskins, Katie Silberman, Susanna Fogel (screenplay); Kaitlyn Dever, Beanie Feldstein, Noah Galvin, Billie Lourd, Lisa Kudrow, Will Forte, Jason Sudeikis",Comedy,US,Booksmart
May-31,Godzilla: King of the Monsters,Warner Bros. / Legendary Entertainment,"Michael Dougherty (director/screenplay); Zach Shields, Max Borenstein (screenplay); Kyle Chandler, Vera Farmiga, Millie Bobby Brown, Ken Watanabe, Sally Hawkins, Bradley Whitford, Charles Dance, Thomas Middleditch, Aisha Hinds, O'Shea Jackson Jr., David Strathairn, Zhang Ziyi","Action, Adventure, Sci-Fi",US,GodzillaMovie
May-31,Rocketman,Paramount Pictures / Marv Films,"Dexter Fletcher (director); Lee Hall (screenplay); Taron Egerton, Jamie Bell, Richard Madden, Bryce Dallas Howard","Biography, Drama, Musical",US,rocketmanmovie
May-31,Ma,Universal Pictures / Blumhouse Productions,"Tate Taylor (director/screenplay); Scotty Landes (screenplay); Octavia Spencer, Juliette Lewis, Luke Evans, Missi Pyle, Allison Janney","Horror, Thriller",US,Mamovie
May-31,Domino,Saban Films,"Brian De Palma (director); Petter Skavlan (screenplay); Nikolaj Coster-Waldau, Carice van Houten, Guy Pearce, Nicolas Bro, Paprika Steen","Crime, Thriller","BE, DK, FR, ESP",
Jun-07,Dark Phoenix,20th Century Fox / Marvel Entertainment,"Simon Kinberg (director/screenplay); James McAvoy, Michael Fassbender, Jennifer Lawrence, Nicholas Hoult, Sophie Turner, Tye Sheridan, Alexandra Shipp, Kodi Smit-McPhee, Evan Peters, Jessica Chastain","Superhero, Action, Adventure",US,XMenMovies
Jun-07,The Secret Life of Pets 2,Universal Pictures / Illumination,"Chris Renaud (director); Brian Lynch (screenplay); Patton Oswalt, Eric Stonestreet, Kevin Hart, Jenny Slate, Tiffany Haddish, Lake Bell, Nick Kroll, Dana Carvey, Ellie Kemper, Chris Renaud, Hannibal Buress, Bobby Moynihan, Harrison Ford","Animation, Comedy, Adventure",US,PetsMovie
Jun-07,Late Night,Amazon Studios,"Nisha Ganatra (director); Mindy Kaling (screenplay); Emma Thompson, Mindy Kaling, Hugh Dancy, Reid Scott, Denis O'Hare, Paul Walter Hauser, John Lithgow, Amy Ryan","Comedy, Drama",US,
Jun-07,Changeland,Gravitas Ventures,"Seth Green (director/screenplay); Seth Green, Breckin Meyer, Macaulay Culkin, Brenda Song, Clare Grant, Randy Orton","Comedy, Drama",US,
Jun-14,Men in Black: International,Columbia Pictures / Amblin Entertainment,"F. Gary Gray (director); Art Marcum and Matt Holloway (screenplay); Chris Hemsworth, Tessa Thompson, Liam Neeson, Rebecca Ferguson, Kumail Nanjiani, Rafe Spall, Emma Thompson","Sci-Fi, Comedy, Action, Adventure",US,MenInBlack
Jun-14,Shaft,Warner Bros. / New Line Cinema,"Tim Story (director); Kenya Barris, Alex Barnow (screenplay); Jessie Usher, Samuel L. Jackson, Alexandra Shipp, Regina Hall, Richard Roundtree, Alexandra Shipp, Matt Lauria, Titus Welliver, Method Man","Action, Comedy",US,SHAFTMovie
Jun-14,The Dead Don't Die,Focus Features,"Jim Jarmusch (director/screenplay); Bill Murray, Adam Driver, Tilda Swinton, Chlo? Sevigny, Steve Buscemi, Caleb Landry Jones, Rosie Perez, Iggy Pop, Sara Driver, RZA, Selena Gomez, Carol Kane, Tom Waits","Comedy, Horror",US,thedeaddontdie
Jun-21,Toy Story 4,Walt Disney Studios Motion Pictures / Pixar,"Josh Cooley (director); Stephany Folsom (screenplay); Tom Hanks, Tim Allen, Annie Potts, Joan Cusack, Tony Hale, Keegan-Michael Key, Jordan Peele","Animation, Family, Adventure",US,toystory
Jun-21,Child's Play,Metro-Goldwyn-Mayer / Orion Pictures,"Lars Klevberg (director); Tyler Burton Smith (screenplay); Aubrey Plaza, Gabriel Bateman, Brian Tyree Henry, Tim Matheson, Mark Hamill",Horror,US,ChildsPlayMovie
Jun-28,Annabelle Comes Home,Warner Bros. / New Line Cinema,"Gary Dauberman (director/screenplay); Mckenna Grace, Madison Iseman, Katie Sarife, Patrick Wilson, Vera Farmiga","Horror, Thriller",US,annabellemovie
Jun-28,Yesterday,Universal Pictures / Working Title Films,"Danny Boyle (director); Richard Curtis (screenwriter); Himesh Patel, Lily James, Ed Sheeran, Ana de Armas, Lamorne Morris, Kate McKinnon","Musical, Comedy, Drama",US,yesterdaymovie
Jun-28,47 Meters Down: Uncaged,Entertainment Studios,"Johannes Roberts (director/screenplay); Ernest Riera (screenplay); John Corbett, Nia Long, Sophie Nelisse, Corinne Foxx, Sistine Stallone, Brianne Tju, Davi Santos, Khylin Rhambo, Brec Bassinger","Horror, Thriller",US,47MDown
Jul-02,Spider-Man: Far From Home,Columbia Pictures / Marvel Studios,"Jon Watts (director); Chris McKenna, Erik Sommers (screenplay); Tom Holland, Samuel L. Jackson, Zendaya, Cobie Smulders, Jon Favreau, J. B. Smoove, Jacob Batalon, Martin Starr, Marisa Tomei, Jake Gyllenhaal","Superhero, Action, Adventure, Comedy, Sci-Fi",USA,SpiderManMovie
Jul-03,Midsommar,A24,"Ari Aster (director/screenplay); Florence Pugh, Jack Reynor, William Jackson Harper, Will Poulter","Horror, Thriller",US,MidsommarMovie
Jul-12,Stuber,20th Century Fox,"Michael Dowse (director); Tripper Clancy (screenplay); Kumail Nanjiani, Dave Bautista, Iko Uwais, Natalie Morales, Betty Gilpin, Jimmy Tatro, Mira Sorvino, Karen Gillan","Action, Comedy",USA,STUBERmovie
Jul-12,Crawl,Paramount Pictures / Ghost House Pictures,"Alexandre Aja (director/screenplay); Shawn Rasmussen, Michael Rasmussen (screenplay); Kaya Scodelario, Barry Pepper","Horror, Thriller",USA,
Jul-12,21 Bridges,STX Entertainment,"Brian Kirk (director); Adam Mervis (screenplay); Chadwick Boseman, J.K. Simmons, Sienna Miller, Taylor Kitsch, Stephan James, Toby Hemingway",Action,USA,21BridgesMovie
Jul-19,The Lion King,Walt Disney Studios Motion Pictures,"Jon Favreau (director); Jeff Nathanson (screenplay); Donald Glover, Chiwetel Ejiofor, Billy Eichner, Seth Rogen, Beyonc?, James Earl Jones, Alfre Woodard, John Kani, John Oliver, Florence Kasumba, Eric Andre, Keegan-Michael Key, JD McCrary, Shahadi Wright Joseph","Musical, Drama, Epic",USA,disneylionking
Jul-26,Once Upon a Time in Hollywood,Columbia Pictures / Heyday Films,"Quentin Tarantino (director/screenplay); Leonardo DiCaprio, Brad Pitt, Margot Robbie, Al Pacino, Emile Hirsch, Damian Lewis, Mike Moh, Bruce Dern, Scoot McNairy, Dakota Fanning, Damon Herriman, Austin Butler, Lena Dunham, Luke Perry","Crime, Mystery, Drama, Comedy, Thriller",USA,OnceInHollywood
Jul-26,Wish Dragon,Columbia Pictures / Sony Pictures Animation / Flagship Entertainment Group / Base FX,"Chris Appelhans (director/screenplay); Amy Heckerling (co-director); Amy Bloom, Dave Kendall, Jacquelyn Mitchard (screenplay); Jackie Chan, Constance Wu, Ian Chen, John Cho, Will Yun Lee","Animation, Family, Comedy","US, CN",
Jul-31,Dora and the Lost City of Gold,Paramount Players / Nickelodeon Movies / Walden Media,"James Bobin (director); Nicholas Stoller, Matthew Robinson (screenplay); Isabela Moner, Eugenio Derbez, Michael Pe?a, Eva Longoria, Danny Trejo, Benicio del Toro","Adventure, Comedy",USA,DoraMovie
Aug-02,Fast & Furious Presents: Hobbs & Shaw,Universal Pictures / Original Film / Seven Bucks Productions,"David Leitch (director); Chris Morgan (screenplay); Dwayne Johnson, Jason Statham, Idris Elba, Vanessa Kirby, Eiza Gonzalez, Cliff Curtis, Roman Reigns, Eddie Marsan, Helen Mirren","Action, Adventure",USA,HobbsAndShaw
Aug-02,The New Mutants,20th Century Fox / Marvel Entertainment,"Josh Boone (director/screenplay); Knate Lee (screenplay); Anya Taylor-Joy, Maisie Williams, Charlie Heaton, Henry Zaga, Blu Hunt, Alice Braga","Superhero, Horror, Thriller, Sci-Fi",USA,NewMutantsFilm
Aug-09,Artemis Fowl,Walt Disney Studios Motion Pictures,"Kenneth Branagh (director); Conor McPherson (screenplay); Ferdia Shaw, Lara McDonnell, Nonso Anozie, Tamara Smart, Hong Chau, Josh Gad, Judi Dench","Adventure, Fantasy, Sci-Fi",USA,artemisfowl
Aug-09,The Kitchen,Warner Bros. / New Line Cinema,"Andrea Berloff (director/screenplay); Melissa McCarthy, Tiffany Haddish, Elisabeth Moss, Domhnall Gleeson, James Badge Dale, Brian d'Arcy James, Margo Martindale, Common, Bill Camp","Crime, Drama, Thriller",USA,
Aug-09,Scary Stories to Tell in the Dark,CBS Films / Entertainment One / Lionsgate,"Andr? ?vredal (director); Dan Hageman, Kevin Hageman (screenplay); Zoe Colletti, Michael Garza, Austin Abrams, Gabriel Rush, Austin Zajur, Natalie Ganzhorn, Dean Norris",Horror,USA,ScaryStoriesMov
Aug-09,"Where'd You Go, Bernadette",Annapurna Pictures,"Richard Linklater (director/screenplay); Michael H. Weber, Scott Neustadter, Holly Gent, Vincent Palmo Jr. Maria Semple (screenplay); Cate Blanchett, Billy Crudup, Emma Nelson, Kristen Wiig, James Urbaniak, Judy Greer, Troian Bellisario, Zoe Chao, Laurence Fishburne","Mystery, Drama, Comedy",US,BernadetteFilm
Aug-14,Blinded by the Light,Warner Bros. / New Line Cinema,"Gurinder Chadha (director/screenplay); Paul Mayeda Berges, Sarfraz Manzoor (screenplay); Viveik Kalra, Kulvinder Ghir, Meera Ganatra, Aaron Phagura, Hayley Atwell, Dean-Charles Chapman, Jonno Davies, Sally Phillips, Nell Williams",Drama,UK,BBTLmovie
Aug-16,The Angry Birds Movie 2,Columbia Pictures / Rovio Animation,"Thurop Van Orman (director), John Rice (co-director); Peter Ackerman, Jason Sudeikis (screenplay); Jason Sudeikis, Josh Gad, Leslie Jones, Bill Hader, Rachel Bloom, Awkwafina, Sterling K. Brown, Eugenio Derbez, Danny McBride, Peter Dinklage","Animation, Comedy",USA,AngryBirdsMovie
Aug-16,Good Boys,Universal Pictures / Good Universe / Point Grey Pictures,"Gene Stupnitsky (director/screenplay); Lee Eisenberg (screenplay); Jacob Tremblay, Keith L. Williams, Brady Noon, Molly Gordon, Midori Francis, Josh Caras, Will Forte, Lil Rel Howery, Retta",Comedy,USA,GoodBoysMovie
Aug-16,Playmobil: The Movie,Lionsgate / STX Entertainment,"Lino DiSalvo (director); Blaise Hemingway (screenplay); Anya Taylor-Joy, Gabriel Bateman, Daniel Radcliffe, Jim Gaffigan, Meghan Trainor, Adam Lambert","Animation, Fantasy, Adventure, Comedy",US,playmobil
Aug-16,The Informer,Aviron Pictures / Thunder Road Pictures,"Andrea Di Stefano (director); Matt Cook (screenplay); Joel Kinnaman, Clive Owen, Rosamund Pike, Ana de Armas, Common","Action, Thriller","US, UK",
Aug-23,Angel Has Fallen,Lionsgate,"Ric Roman Waugh (director); Creighton Rothenberger, Katrin Benedikt (screenplay); Gerard Butler, Morgan Freeman, Jada Pinkett Smith, Nick Nolte, Lance Reddick","Action, Thriller",US,
Aug-23,Official Secrets,IFC Films,"Gavin Hood (director/screenplay); Gregory Bernstein, Sara Bernstein (screenplay); Keira Knightley, Matt Smith, Matthew Goode, Adam Bakri, Ralph Fiennes, Rhys Ifans","Drama, Thriller",UK,
Aug-23,Overcomer,TriStar Pictures / Sony Affirm,"Alex Kendrick (director/screenplay); Stephen Kendrick (screenplay); Alex Kendrick, Priscilla Shirer, Ben Davies, Shari Rigby, Jack Sterner","Faith, Drama",US,OvercomerMovie
Sep-06,It: Chapter Two,Warner Bros. / New Line Cinema / RatPac-Dune Entertainment,"Andy Muschietti (director); Gary Dauberman (screenplay); James McAvoy, Jessica Chastain, Bill Hader, Jay Ryan, Isaiah Mustafa, James Ransone, Andy Bean, Bill Skarsg?rd","Horror, Thriller",US,
Sep-13,Spies in Disguise,20th Century Fox / Blue Sky Studios,"Nick Bruno, Troy Quane (directors); Kristen Orlando, Michelle Painchaud (screenplay); Will Smith, Tom Holland, Ben Mendelsohn, Rashida Jones, Karen Gillan, DJ Khaled, Masi Oka","Animation, Action, Comedy",US,SpiesInDisguise
Sep-13,The Goldfinch,Warner Bros. / Amazon Studios,"John Crowley (director); Peter Straughan (screenplay); Ansel Elgort, Nicole Kidman, Oakes Fegley, Aneurin Barnard, Finn Wolfhard, Sarah Paulson, Luke Wilson, Jeffrey Wright","Drama, Thriller, Adventure",USA,
Sep-13,Downton Abbey,Universal Pictures / Focus Features / Carnival Films,"Michael Engler (director); Julian Fellowes (screenwriter); Hugh Bonneville, Laura Carmichael, Michelle Dockery, Joanne Froggatt, Elizabeth McGovern, Maggie Smith",Drama,UK,DowntonAbbey
Sep-13,Hustlers,STX Entertainment / Gloria Sanchez Productions,"Lorene Scafaria (director/screenplay); Jennifer Lopez, Constance Wu, Cardi B, Lili Reinhart, Julia Stiles, Keke Palmer",Drama,US,HustlersMovie
Sep-20,Rambo V: Last Blood,Lionsgate Films / Millennium Films,"Adrian Grunberg (director); Sylvester Stallone, Matt Cirulnick (screenplay); Sylvester Stallone, Adriana Barraza, Paz Vega, Yvette Monreal, Sergio Peris-Mencheta, Oscar Jaenada, Joaqu?n Cos?o","Action, Thriller",USA,
Sep-20,Black and Blue,Screen Gems,"Deon Taylor (director/screenplay); Naomie Harris, Frank Grillo, Reid Scott, Tyrese Gibson, Beau Knapp, Mike Colter","Action, Thriller",USA,
Sep-27,Abominable,Universal Pictures / DreamWorks Animation / Pearl Studio,"Jill Culton (director/screenplay), Todd Wilderman (co-director); Chloe Bennet, Albert Tsai, Tenzing Norgay Trainor, Eddie Izzard, Sarah Paulson, Tsai Chin, Michelle Wong","Animation, Fantasy, Adventure, Comedy","US, CN",
Sep-27,The Art of Racing in the Rain,20th Century Fox,"Simon Curtis (director); Mark Bomback (screenplay); Milo Ventimiglia, Amanda Seyfried, Gary Cole, Kevin Costner",Comedy,US,
Oct-04,Joker,Warner Bros. / Village Roadshow Pictures / DC Comics / Green Hat Films,"Todd Phillips (director/sceenplay); Scott Silver (screenplay); Joaquin Phoenix, Robert De Niro, Zazie Beetz, Frances Conroy, Marc Maron, Bill Camp, Glenn Fleshler, Shea Whigham, Brett Cullen, Douglas Hodge, Dante Pereira-Olson, Josh Pais, Brian Tyree Henry","Superhero, Crime, Thriller, Horror",US,jokermovie
Oct-04,The Woman in the Window,20th Century Fox,"Joe Wright (director); Tracy Letts (screenplay); Amy Adams, Julianne Moore, Gary Oldman, Brian Tyree Henry, Wyatt Russell, Anthony Mackie","Thriller, Drama",TBA,
Oct-11,Gemini Man,Paramount Pictures / Skydance Media / Jerry Bruckheimer Films,"Ang Lee (director); David Benioff, Billy Ray, Darren Lemke (screenplay); Will Smith, Mary Elizabeth Winstead, Benedict Wong, Clive Owen","Sci-Fi, Action, Thriller",TBA,GeminiManMovie
Oct-11,The Addams Family,Metro-Goldwyn-Mayer / The Jackal Group / Cinesite Studios,"Conrad Vernon, Greg Tiernan (directors); Matt Lieberman (screenplay); Oscar Isaac, Charlize Theron, Chlo? Grace Moretz, Finn Wolfhard, Nick Kroll, Bette Midler, Allison Janney","Animation, Family, Comedy, Horror",USA,meettheaddams
Oct-11,Zombieland: Double Tap,Columbia Pictures,"Ruben Fleischer (director); Rhett Reese, Paul Wernick, David Callaham (screenplay); Woody Harrelson, Jesse Eisenberg, Emma Stone, Abigail Breslin, Rosario Dawson, Zoey Deutch, Thomas Middleditch, Luke Wilson","Comedy, Horror, Action",US,Zombieland
Oct-18,Maleficent: Mistress of Evil,Walt Disney Studios Motion Pictures,"Joachim R?nning (director); Linda Woolverton, Micah Fitzerman-Blue, Noah Harpster (screenplay); Angelina Jolie, Elle Fanning, Michelle Pfeiffer, Ed Skrein, Sam Riley, Harris Dickinson, Imelda Staunton, Juno Temple, Lesley Manville, Chiwetel Ejiofor","Fantasy, Adventure",TBA,Maleficent
Oct-18,Torrance,Warner Bros. / Bron Studios / Pearl Street Films,"Gavin O'Connor (director/screenplay); Brad Ingelsby (screenplay); Ben Affleck, Janina Gavankar, Al Madrigal, Hayes MacArthur, Brandon Wilson, Rachael Carpani",Drama,USA,
Oct-18,A Shaun the Sheep Movie: Farmageddon,Lionsgate Films / StudioCanal / Aardman Animations,"Richard Phelan, Will Becher (directors); Mark Burton, Jon Brown (screenplay): Justin Fletcher, John Sparkes","Animation, Sci-Fi, Comedy, Family",UK,shaunthesheep
Oct-18,The Hunt,Universal Pictures / Blumhouse Productions,"Craig Zobel (director); Damon Lindelof, Nick Cuse (screenwriter); Emma Roberts, Justin Hartley, Glenn Howerton, Ike Barinholtz, Betty Gilpin","Action, Thriller",TBA,
Oct-25,Bad Trip,Orion Pictures,"Kitao Sakurai (director); Jeff Tremaine (screenplay); Eric Andre, Lil Rel Howery","Comedy, Drama",USA,BadTripTheMovie
Oct-25,The Last Full Measure,Roadside Attractions,"Todd Robinson (director/screenplay); Sebastian Stan, Christopher Plummer, William Hurt, Ed Harris, Samuel L. Jackson, Jeremy Irvine, Peter Fonda, LisaGay Hamilton, Michael Imperioli, Diane Ladd, Amy Madigan, Linus Roache, Bradley Whitford","Drama, War",US,
Nov-01,Terminator: Dark Fate,Paramount Pictures / Skydance Media / Lightstorm Entertainment / Tencent Pictures,"Tim Miller (director); David S. Goyer (screenplay); Arnold Schwarzenegger, Linda Hamilton, Mackenzie Davis, Gabriel Luna, Natalia Reyes, Diego Boneta","Sci-Fi, Action",US,Terminator
Nov-01,Motherless Brooklyn,Warner Bros.,"Edward Norton (director/screenplay); Edward Norton, Willem Dafoe, Bruce Willis, Gugu Mbatha-Raw, Leslie Mann, Bobby Cannavale, Alec Baldwin, Michael K. Williams, Cherry Jones, Ethan Suplee","Crime, Drama",USA,
Nov-08,Doctor Sleep,Warner Bros.,"Mike Flanagan (director/screenplay); Ewan McGregor, Rebecca Ferguson, Kyliegh Curran, Jacob Tremblay, Bruce Greenwood","Horror, Thriller",USA,
Nov-08,Sonic the Hedgehog,Paramount Pictures / Original Film / Paramount Animation / Sega,"Jeff Fowler (director); Pat Casey, Worm Miller (screenplay); Ben Schwartz, Jim Carrey, James Marsden, Tika Sumpter, Adam Pally, Neal McDonough, Frank C. Turner","Live-Action Animation, Action, Sci-Fi, Comedy",US,SonicMovie
Nov-08,Last Christmas,Universal Pictures,"Paul Feig (director), Emma Thompson, Bryony Kimmings (screenplay); Emilia Clarke, Henry Golding, Michelle Yeoh, Emma Thompson","Holiday, Comedy",USA,
Nov-08,Midway,Lionsgate,"Roland Emmerich (director); Wes Tooke (screenplay); Woody Harrelson, Luke Evans, Mandy Moore, Patrick Wilson, Ed Skrein, Aaron Eckhart, Nick Jonas, Tadanobu Asano, Dennis Quaid","War, Drama","US, UK",
Nov-15,Charlie's Angels,Columbia Pictures,"Elizabeth Banks (director); Jay Basu (screenplay); Kristen Stewart, Naomi Scott, Ella Balinska, Elizabeth Banks, Sam Claflin, Noah Centineo, Djimon Hounsou, Patrick Stewart","Action, Comedy",USA,CharliesAngels
Nov-15,Ford v. Ferrari,20th Century Fox / Chernin Entertainment,"James Mangold (director/screenplay); Jez Butterworth, John-Henry Butterworth (screenplay); Christian Bale, Matt Damon, Jon Bernthal, Remo Girone, Caitriona Balfe, Noah Jupe, Tracy Letts","Biography, Action, Drama",US,
Nov-15,The Good Liar,Warner Bros. / New Line Cinema,"Bill Condon (director), Jeffrey Hatcher (screenplay); Ian McKellen, Helen Mirren, Russell Tovey, Jim Carter",Drama,UK,
Nov-22,Frozen 2,Walt Disney Studios Motion Pictures / Walt Disney Animation Studios,"Jennifer Lee (director/screenplay); Chris Buck (co-director); Allison Schroeder (screenplay); Idina Menzel, Kristen Bell, Jonathan Groff, Josh Gad, Evan Rachel Wood, Sterling K. Brown","Animation, Fantasy, Musical",US,DisneyFrozen
Nov-22,A Beautiful Day in the Neighborhood,TriStar Pictures,"Marielle Heller (director); Micah Fitzerman-Blue, Noah Harpster (screenplay); Tom Hanks, Matthew Rhys, Chris Cooper, Susan Kelechi Watson","Biography, Drama",USA,ABeautifulDay
Nov-22,The Rhythm Section,Paramount Pictures / Eon Productions / IM Global,"Reed Morano (director); Mark Burnell (screenplay); Blake Lively, Jude Law, Sterling K. Brown","Action, Mystery, Thriller",US,
Nov-27,Knives Out,Lionsgate,"Rian Johnson (director/screenplay); Daniel Craig, Chris Evans, Lakeith Stanfield, Michael Shannon, Ana de Armas, Jamie Lee Curtis, Don Johnson, Toni Collette, Christopher Plummer","Mystery, Crime, Thriller",US,
Nov-27,Queen & Slim,Universal Pictures,"Melina Matsoukas (director); Lena Waithe (screenplay); Daniel Kaluuya, Jodie Turner-Smith, Bokeem Woodbine, Chlo? Sevigny","Drama, Thriller",US,
Dec-13,Untitled third Jumanji film,Columbia Pictures,"Jake Kasdan (director/screenplay); Scott Rosenberg, Jeff Pinkner (screenplay); Dwayne Johnson, Jack Black, Kevin Hart, Karen Gillan, Nick Jonas, Awkwafina, Danny DeVito, Danny Glover","Action, Fantasy, Adventure, Comedy",TBA,
Dec-20,Star Wars: The Rise of Skywalker,Lucasfilm / Bad Robot,"J. J. Abrams (director/screenplay), Chris Terrio (screenplay); Daisy Ridley, Adam Driver, John Boyega, Oscar Isaac, Lupita Nyong'o, Domhnall Gleeson, Kelly Marie Tran, Joonas Suotamo, Billie Lourd, Naomi Ackie, Richard E. Grant, Keri Russell, Mark Hamill, Anthony Daniels, Billy Dee Williams, Carrie Fisher, Ian McDiarmid","Action, Adventure, Fantasy, Sci-Fi",US,starwars
Dec-20,Cats,Universal Pictures / Amblin Entertainment / Working Title Films,"Tom Hooper (director/screenplay), Lee Hall (screenplay); Jennifer Hudson, Taylor Swift, James Corden, Idris Elba, Rebel Wilson, Jason Derulo, Ian McKellen, Judi Dench",Musical,"USA, UK",
Dec-20,Fair and Balanced,Lionsgate,"Jay Roach (director), Charles Randolph (screenplay); Charlize Theron, Nicole Kidman, Margot Robbie, John Lithgow, Allison Janney, Kate McKinnon, Malcolm McDowell, Mark Duplass, Alice Eve",Drama,USA,
Dec-20,Super Intelligence,Warner Bros. / New Line Cinema,"Ben Falcone (director), Steve Mallory (screenplay); Melissa McCarthy, Bobby Cannavale, James Corden, Brian Tyree Henry, Jean Smart","Comedy, Sci-Fi, Action",USA,
Dec-25,Little Women,Columbia Pictures / New Regency Pictures,"Greta Gerwig (director/screenplay); Saoirse Ronan, Emma Watson, Florence Pugh, Eliza Scanlen, Timoth?e Chalamet, Louis Garrel, James Norton, Laura Dern, Bob Odenkirk, Chris Cooper, Meryl Streep","Drama, Romance",USA,
Dec-25,Call of the Wild,20th Century Fox,"Chris Sanders (director); Michael Green (screenplay); Harrison Ford, Dan Stevens, Karen Gillan, Omar Sy, Bradley Whitford","Live-Action Animation, Adventure, Drama",USA,
Dec-25,1917,Universal Pictures / DreamWorks Pictures,"Sam Mendes (director/screenplay); Krysty Wilson-Cairns (screenplay); Benedict Cumberbatch, Colin Firth, Mark Strong, Richard Madden, George MacKay, Dean-Charles Chapman, Andrew Scott",War,UK,
